,modelname,method,cause,effect,tol,num_runs_param,max_iter_param,seed,tlearn,tinfer,remove_outliers,datasize,pns_low_exact,pns_upp_exact,pns_low,pns_upp,rrmse,rmse,nruns
0,random_mc2_n6_mid3_d1000_05_mr098_r10_21,GDCC_1e-09,V1,V4,1e-09,200,,0,815.8483505249023,58.24398994445801,False,1000,0.0,0.1268215988678439,0.011779007894242598,0.011779007894242598,inf,0.08177268114991693,1
1,random_mc2_n6_mid3_d1000_05_mr098_r10_21,GDCC_1e-09,V1,V4,1e-09,200,,0,1622.7543354034424,113.28697204589844,False,1000,0.0,0.1268215988678439,0.011779007894242598,0.046332101291308464,1.6647101195030651,0.05752088423823008,2
2,random_mc2_n6_mid3_d1000_05_mr098_r10_21,GDCC_1e-09,V1,V4,1e-09,200,,0,2442.5909519195557,170.30715942382812,False,1000,0.0,0.1268215988678439,0.011779007894242598,0.046332101291308464,1.6647101195030651,0.05752088423823008,3
3,random_mc2_n6_mid3_d1000_05_mr098_r10_21,GDCC_1e-09,V1,V4,1e-09,200,,0,3276.7438888549805,227.21385955810547,False,1000,0.0,0.1268215988678439,0.011779007894242598,0.04766100886282959,1.5771492683583352,0.056591271574840056,4
4,random_mc2_n6_mid3_d1000_05_mr098_r10_21,GDCC_1e-09,V1,V4,1e-09,200,,0,4111.688852310181,284.92021560668945,False,1000,0.0,0.1268215988678439,0.011779007894242598,0.0514334230990305,1.3606114021832068,0.053954249474541534,5
5,random_mc2_n6_mid3_d1000_05_mr098_r10_21,GDCC_1e-09,V1,V4,1e-09,200,,0,4958.9972496032715,341.55941009521484,False,1000,0.0,0.1268215988678439,0.011779007894242598,0.0514334230990305,1.3606114021832068,0.053954249474541534,6
6,random_mc2_n6_mid3_d1000_05_mr098_r10_21,GDCC_1e-09,V1,V4,1e-09,200,,0,5805.912971496582,397.0508575439453,False,1000,0.0,0.1268215988678439,0.011779007894242598,0.07647612663311472,0.565109979047197,0.03656098741493804,7
7,random_mc2_n6_mid3_d1000_05_mr098_r10_21,GDCC_1e-09,V1,V4,1e-09,200,,0,6663.587808609009,452.31103897094727,False,1000,0.0,0.1268215988678439,0.011779007894242598,0.07647612663311472,0.565109979047197,0.03656098741493804,8
8,random_mc2_n6_mid3_d1000_05_mr098_r10_21,GDCC_1e-09,V1,V4,1e-09,200,,0,7524.332761764526,515.9316062927246,False,1000,0.0,0.1268215988678439,0.011779007894242598,0.07647612663311472,0.565109979047197,0.03656098741493804,9
9,random_mc2_n6_mid3_d1000_05_mr098_r10_21,GDCC_1e-09,V1,V4,1e-09,200,,0,8386.280298233032,685.4867935180664,False,1000,0.0,0.1268215988678439,0.011779007894242598,0.09662168942706689,0.2701633440733032,0.022921382563054097,10
10,random_mc2_n6_mid3_d1000_05_mr098_r10_21,GDCC_1e-09,V1,V4,1e-09,200,,0,9257.623195648193,624.1886615753174,False,1000,0.0,0.1268215988678439,0.011779007894242598,0.09662168942706689,0.2701633440733032,0.022921382563054097,11
11,random_mc2_n6_mid3_d1000_05_mr098_r10_21,GDCC_1e-09,V1,V4,1e-09,200,,0,10132.93170928955,680.5272102355957,False,1000,0.0,0.1268215988678439,0.011779007894242598,0.09662168942706689,0.2701633440733032,0.022921382563054097,12
12,random_mc2_n6_mid3_d1000_05_mr098_r10_21,GDCC_1e-09,V1,V4,1e-09,200,,0,11022.229671478271,737.5755310058594,False,1000,0.0,0.1268215988678439,0.011779007894242598,0.09662168942706689,0.2701633440733032,0.022921382563054097,13
13,random_mc2_n6_mid3_d1000_05_mr098_r10_21,GDCC_1e-09,V1,V4,1e-09,200,,0,11909.858226776123,792.9055690765381,False,1000,0.0,0.1268215988678439,0.011779007894242598,0.09662168942706689,0.2701633440733032,0.022921382563054097,14
14,random_mc2_n6_mid3_d1000_05_mr098_r10_21,GDCC_1e-09,V1,V4,1e-09,200,,0,12815.492868423462,849.794864654541,False,1000,0.0,0.1268215988678439,0.011779007894242598,0.09662168942706689,0.2701633440733032,0.022921382563054097,15
15,random_mc2_n6_mid3_d1000_05_mr098_r10_21,GDCC_1e-09,V1,V4,1e-09,200,,0,13724.994659423828,906.6009521484375,False,1000,0.0,0.1268215988678439,0.011779007894242598,0.09662168942706689,0.2701633440733032,0.022921382563054097,16
16,random_mc2_n6_mid3_d1000_05_mr098_r10_21,GDCC_1e-09,V1,V4,1e-09,200,,0,14645.942211151123,963.7815952301025,False,1000,0.0,0.1268215988678439,0.011779007894242598,0.09662168942706689,0.2701633440733032,0.022921382563054097,17
17,random_mc2_n6_mid3_d1000_05_mr098_r10_21,GDCC_1e-09,V1,V4,1e-09,200,,0,15567.676067352295,1018.4683799743652,False,1000,0.0,0.1268215988678439,0.011779007894242598,0.09662168942706689,0.2701633440733032,0.022921382563054097,18
18,random_mc2_n6_mid3_d1000_05_mr098_r10_21,GDCC_1e-09,V1,V4,1e-09,200,,0,16501.423358917236,1073.1849670410156,False,1000,0.0,0.1268215988678439,0.011779007894242598,0.09662168942706689,0.2701633440733032,0.022921382563054097,19
19,random_mc2_n6_mid3_d1000_05_mr098_r10_21,GDCC_1e-09,V1,V4,1e-09,200,,0,17438.886165618896,1130.4500102996826,False,1000,0.0,0.1268215988678439,0.011779007894242598,0.09662168942706689,0.2701633440733032,0.022921382563054097,20
20,random_mc2_n6_mid3_d1000_05_mr098_r10_21,GDCC_1e-09,V1,V4,1e-09,200,,0,18370.124340057373,1187.1881484985352,False,1000,0.0,0.1268215988678439,0.011779007894242598,0.09662168942706689,0.2701633440733032,0.022921382563054097,21
21,random_mc2_n6_mid3_d1000_05_mr098_r10_21,GDCC_1e-09,V1,V4,1e-09,200,,0,19309.171438217163,1247.4608421325684,False,1000,0.0,0.1268215988678439,0.011779007894242598,0.09662168942706689,0.2701633440733032,0.022921382563054097,22
22,random_mc2_n6_mid3_d1000_05_mr098_r10_21,GDCC_1e-09,V1,V4,1e-09,200,,0,20258.56924057007,1303.4980297088623,False,1000,0.0,0.1268215988678439,0.011779007894242598,0.09662168942706689,0.2701633440733032,0.022921382563054097,23
23,random_mc2_n6_mid3_d1000_05_mr098_r10_21,GDCC_1e-09,V1,V4,1e-09,200,,0,21216.33529663086,1354.8634052276611,False,1000,0.0,0.1268215988678439,0.011779007894242598,0.09662168942706689,0.2701633440733032,0.022921382563054097,24
24,random_mc2_n6_mid3_d1000_05_mr098_r10_21,GDCC_1e-09,V1,V4,1e-09,200,,0,22175.626277923584,1410.4793071746826,False,1000,0.0,0.1268215988678439,0.011779007894242598,0.09662168942706689,0.2701633440733032,0.022921382563054097,25
25,random_mc2_n6_mid3_d1000_05_mr098_r10_21,GDCC_1e-09,V1,V4,1e-09,200,,0,23148.013830184937,1471.092939376831,False,1000,0.0,0.1268215988678439,0.011779007894242598,0.09662168942706689,0.2701633440733032,0.022921382563054097,26
26,random_mc2_n6_mid3_d1000_05_mr098_r10_21,GDCC_1e-09,V1,V4,1e-09,200,,0,24124.244213104248,1530.5211544036865,False,1000,0.0,0.1268215988678439,0.011779007894242598,0.09662168942706689,0.2701633440733032,0.022921382563054097,27
27,random_mc2_n6_mid3_d1000_05_mr098_r10_21,GDCC_1e-09,V1,V4,1e-09,200,,0,25108.115911483765,1588.916540145874,False,1000,0.0,0.1268215988678439,0.011779007894242598,0.1019443523745487,0.21585979732526528,0.019463072985281604,28
28,random_mc2_n6_mid3_d1000_05_mr098_r10_21,GDCC_1e-09,V1,V4,1e-09,200,,0,26101.289749145508,1640.5115127563477,False,1000,0.0,0.1268215988678439,0.011779007894242598,0.1019443523745487,0.21585979732526528,0.019463072985281604,29
29,random_mc2_n6_mid3_d1000_05_mr098_r10_21,GDCC_1e-09,V1,V4,1e-09,200,,0,27087.006092071533,1835.327386856079,False,1000,0.0,0.1268215988678439,0.011779007894242598,0.1019443523745487,0.21585979732526528,0.019463072985281604,30
30,random_mc2_n6_mid3_d1000_05_mr098_r10_21,GDCC_1e-09,V1,V4,1e-09,200,,0,28084.659576416016,1753.86381149292,False,1000,0.0,0.1268215988678439,0.011779007894242598,0.1019443523745487,0.21585979732526528,0.019463072985281604,31
31,random_mc2_n6_mid3_d1000_05_mr098_r10_21,GDCC_1e-09,V1,V4,1e-09,200,,0,29091.93706512451,1808.772325515747,False,1000,0.0,0.1268215988678439,0.011779007894242598,0.1019443523745487,0.21585979732526528,0.019463072985281604,32
32,random_mc2_n6_mid3_d1000_05_mr098_r10_21,GDCC_1e-09,V1,V4,1e-09,200,,0,30120.673656463623,1865.1134967803955,False,1000,0.0,0.1268215988678439,0.011779007894242598,0.1019443523745487,0.21585979732526528,0.019463072985281604,33
33,random_mc2_n6_mid3_d1000_05_mr098_r10_21,GDCC_1e-09,V1,V4,1e-09,200,,0,31143.69511604309,1922.6512908935547,False,1000,0.0,0.1268215988678439,0.011779007894242598,0.1019443523745487,0.21585979732526528,0.019463072985281604,34
34,random_mc2_n6_mid3_d1000_05_mr098_r10_21,GDCC_1e-09,V1,V4,1e-09,200,,0,32179.006099700928,1984.0047359466553,False,1000,0.0,0.1268215988678439,0.011779007894242598,0.11722726839882193,0.10187319175729886,0.010742350862856615,35
35,random_mc2_n6_mid3_d1000_05_mr098_r10_21,GDCC_1e-09,V1,V4,1e-09,200,,0,33217.38004684448,2037.6596450805664,False,1000,0.0,0.1268215988678439,0.011779007894242598,0.11722726839882193,0.10187319175729886,0.010742350862856615,36
36,random_mc2_n6_mid3_d1000_05_mr098_r10_21,GDCC_1e-09,V1,V4,1e-09,200,,0,34257.61103630066,2093.604326248169,False,1000,0.0,0.1268215988678439,0.011779007894242598,0.11722726839882193,0.10187319175729886,0.010742350862856615,37
37,random_mc2_n6_mid3_d1000_05_mr098_r10_21,GDCC_1e-09,V1,V4,1e-09,200,,0,35310.256242752075,2149.4786739349365,False,1000,0.0,0.1268215988678439,0.011779007894242598,0.11722726839882193,0.10187319175729886,0.010742350862856615,38
38,random_mc2_n6_mid3_d1000_05_mr098_r10_21,GDCC_1e-09,V1,V4,1e-09,200,,0,36369.54998970032,2213.2418155670166,False,1000,0.0,0.1268215988678439,0.011779007894242598,0.11722726839882193,0.10187319175729886,0.010742350862856615,39
39,random_mc2_n6_mid3_d1000_05_mr098_r10_21,GDCC_1e-09,V1,V4,1e-09,200,,0,37429.767370224,2262.9058361053467,False,1000,0.0,0.1268215988678439,0.011779007894242598,0.11722726839882193,0.10187319175729886,0.010742350862856615,40
40,random_mc2_n6_mid3_d1000_05_mr098_r10_21,GDCC_1e-09,V1,V4,1e-09,200,,0,38495.45478820801,2318.950653076172,False,1000,0.0,0.1268215988678439,0.011779007894242598,0.11722726839882193,0.10187319175729886,0.010742350862856615,41
41,random_mc2_n6_mid3_d1000_05_mr098_r10_21,GDCC_1e-09,V1,V4,1e-09,200,,0,39571.81525230408,2521.299123764038,False,1000,0.0,0.1268215988678439,0.011779007894242598,0.11722726839882193,0.10187319175729886,0.010742350862856615,42
42,random_mc2_n6_mid3_d1000_05_mr098_r10_21,GDCC_1e-09,V1,V4,1e-09,200,,0,40656.24690055847,2427.6013374328613,False,1000,0.0,0.1268215988678439,0.011779007894242598,0.11722726839882193,0.10187319175729886,0.010742350862856615,43
43,random_mc2_n6_mid3_d1000_05_mr098_r10_21,GDCC_1e-09,V1,V4,1e-09,200,,0,41742.271423339844,2487.93363571167,False,1000,0.0,0.1268215988678439,0.0042318031625565135,0.11722726839882193,0.06562057630584456,0.00741482754875076,44
44,random_mc2_n6_mid3_d1000_05_mr098_r10_21,GDCC_1e-09,V1,V4,1e-09,200,,0,42840.72780609131,2540.1697158813477,False,1000,0.0,0.1268215988678439,0.0042318031625565135,0.11722726839882193,0.06562057630584456,0.00741482754875076,45
45,random_mc2_n6_mid3_d1000_05_mr098_r10_21,GDCC_1e-09,V1,V4,1e-09,200,,0,43935.53709983826,2599.663734436035,False,1000,0.0,0.1268215988678439,0.0042318031625565135,0.11722726839882193,0.06562057630584456,0.00741482754875076,46
46,random_mc2_n6_mid3_d1000_05_mr098_r10_21,GDCC_1e-09,V1,V4,1e-09,200,,0,45038.30599784851,2655.3258895874023,False,1000,0.0,0.1268215988678439,0.002204113300536517,0.11722726839882193,0.06051770328163294,0.006960937170755282,47
47,random_mc2_n6_mid3_d1000_05_mr098_r10_21,GDCC_1e-09,V1,V4,1e-09,200,,0,46145.72334289551,2710.5865478515625,False,1000,0.0,0.1268215988678439,0.002204113300536517,0.11722726839882193,0.06051770328163294,0.006960937170755282,48
48,random_mc2_n6_mid3_d1000_05_mr098_r10_21,GDCC_1e-09,V1,V4,1e-09,200,,0,47265.77949523926,2769.996166229248,False,1000,0.0,0.1268215988678439,0.002204113300536517,0.11722726839882193,0.06051770328163294,0.006960937170755282,49
49,random_mc2_n6_mid3_d1000_05_mr098_r10_21,GDCC_1e-09,V1,V4,1e-09,200,,0,48389.77885246277,2948.627710342407,False,1000,0.0,0.1268215988678439,0.002204113300536517,0.11722726839882193,0.06051770328163294,0.006960937170755282,50
50,random_mc2_n6_mid3_d1000_05_mr098_r10_21,GDCC_1e-09,V1,V4,1e-09,200,,0,49522.65214920044,2878.9806365966797,False,1000,0.0,0.1268215988678439,0.002204113300536517,0.11722726839882193,0.06051770328163294,0.006960937170755282,51
51,random_mc2_n6_mid3_d1000_05_mr098_r10_21,GDCC_1e-09,V1,V4,1e-09,200,,0,50655.67350387573,2937.0951652526855,False,1000,0.0,0.1268215988678439,0.002204113300536517,0.11722726839882193,0.06051770328163294,0.006960937170755282,52
52,random_mc2_n6_mid3_d1000_05_mr098_r10_21,GDCC_1e-09,V1,V4,1e-09,200,,0,51800.37522315979,2999.6681213378906,False,1000,0.0,0.1268215988678439,0.002204113300536517,0.11722726839882193,0.06051770328163294,0.006960937170755282,53
53,random_mc2_n6_mid3_d1000_05_mr098_r10_21,GDCC_1e-09,V1,V4,1e-09,200,,0,52951.08985900879,3048.2544898986816,False,1000,0.0,0.1268215988678439,0.002204113300536517,0.11722726839882193,0.06051770328163294,0.006960937170755282,54
54,random_mc2_n6_mid3_d1000_05_mr098_r10_21,GDCC_1e-09,V1,V4,1e-09,200,,0,54108.51550102234,3104.414701461792,False,1000,0.0,0.1268215988678439,0.002204113300536517,0.11722726839882193,0.06051770328163294,0.006960937170755282,55
55,random_mc2_n6_mid3_d1000_05_mr098_r10_21,GDCC_1e-09,V1,V4,1e-09,200,,0,55266.90578460693,3156.1357975006104,False,1000,0.0,0.1268215988678439,0.002204113300536517,0.11722726839882193,0.06051770328163294,0.006960937170755282,56
56,random_mc2_n6_mid3_d1000_05_mr098_r10_21,GDCC_1e-09,V1,V4,1e-09,200,,0,56438.029766082764,3352.1318435668945,False,1000,0.0,0.1268215988678439,0.002204113300536517,0.11722726839882193,0.06051770328163294,0.006960937170755282,57
57,random_mc2_n6_mid3_d1000_05_mr098_r10_21,GDCC_1e-09,V1,V4,1e-09,200,,0,57612.6925945282,3275.1314640045166,False,1000,0.0,0.1268215988678439,0.002204113300536517,0.11722726839882193,0.06051770328163294,0.006960937170755282,58
58,random_mc2_n6_mid3_d1000_05_mr098_r10_21,GDCC_1e-09,V1,V4,1e-09,200,,0,58791.98455810547,3326.6100883483887,False,1000,0.0,0.1268215988678439,0.002204113300536517,0.11722726839882193,0.06051770328163294,0.006960937170755282,59
59,random_mc2_n6_mid3_d1000_05_mr098_r10_21,GDCC_1e-09,V1,V4,1e-09,200,,0,59993.94154548645,3389.3392086029053,False,1000,0.0,0.1268215988678439,0.002204113300536517,0.11722726839882193,0.06051770328163294,0.006960937170755282,60
60,random_mc2_n6_mid3_d1000_05_mr098_r10_21,GDCC_1e-09,V1,V4,1e-09,200,,0,61190.03701210022,3445.1491832733154,False,1000,0.0,0.1268215988678439,0.002204113300536517,0.11722726839882193,0.06051770328163294,0.006960937170755282,61
61,random_mc2_n6_mid3_d1000_05_mr098_r10_21,GDCC_1e-09,V1,V4,1e-09,200,,0,62393.49937438965,3499.385356903076,False,1000,0.0,0.1268215988678439,0.002204113300536517,0.11722726839882193,0.06051770328163294,0.006960937170755282,62
62,random_mc2_n6_mid3_d1000_05_mr098_r10_21,GDCC_1e-09,V1,V4,1e-09,200,,0,63602.41365432739,3556.337356567383,False,1000,0.0,0.1268215988678439,0.002204113300536517,0.11722726839882193,0.06051770328163294,0.006960937170755282,63
63,random_mc2_n6_mid3_d1000_05_mr098_r10_21,GDCC_1e-09,V1,V4,1e-09,200,,0,64812.83378601074,3741.544246673584,False,1000,0.0,0.1268215988678439,0.002204113300536517,0.11722726839882193,0.06051770328163294,0.006960937170755282,64
64,random_mc2_n6_mid3_d1000_05_mr098_r10_21,GDCC_1e-09,V1,V4,1e-09,200,,0,66031.27002716064,3670.75514793396,False,1000,0.0,0.1268215988678439,0.002204113300536517,0.11722726839882193,0.06051770328163294,0.006960937170755282,65
65,random_mc2_n6_mid3_d1000_05_mr098_r10_21,GDCC_1e-09,V1,V4,1e-09,200,,0,67250.5304813385,3720.5584049224854,False,1000,0.0,0.1268215988678439,0.002204113300536517,0.11722726839882193,0.06051770328163294,0.006960937170755282,66
66,random_mc2_n6_mid3_d1000_05_mr098_r10_21,GDCC_1e-09,V1,V4,1e-09,200,,0,68497.2927570343,3771.609306335449,False,1000,0.0,0.1268215988678439,0.002204113300536517,0.11722726839882193,0.06051770328163294,0.006960937170755282,67
67,random_mc2_n6_mid3_d1000_05_mr098_r10_21,GDCC_1e-09,V1,V4,1e-09,200,,0,69742.67053604126,3827.383518218994,False,1000,0.0,0.1268215988678439,0.002204113300536517,0.11722726839882193,0.06051770328163294,0.006960937170755282,68
68,random_mc2_n6_mid3_d1000_05_mr098_r10_21,GDCC_1e-09,V1,V4,1e-09,200,,0,70992.16270446777,4025.8967876434326,False,1000,0.0,0.1268215988678439,0.002204113300536517,0.11722726839882193,0.06051770328163294,0.006960937170755282,69
69,random_mc2_n6_mid3_d1000_05_mr098_r10_21,GDCC_1e-09,V1,V4,1e-09,200,,0,72248.37636947632,3940.2005672454834,False,1000,0.0,0.1268215988678439,0.002204113300536517,0.11722726839882193,0.06051770328163294,0.006960937170755282,70
70,random_mc2_n6_mid3_d1000_05_mr098_r10_21,GDCC_1e-09,V1,V4,1e-09,200,,0,73517.35162734985,4122.750759124756,False,1000,0.0,0.1268215988678439,0.002204113300536517,0.11722726839882193,0.06051770328163294,0.006960937170755282,71
71,random_mc2_n6_mid3_d1000_05_mr098_r10_21,GDCC_1e-09,V1,V4,1e-09,200,,0,74773.13685417175,4052.624464035034,False,1000,0.0,0.1268215988678439,0.002204113300536517,0.11722726839882193,0.06051770328163294,0.006960937170755282,72
72,random_mc2_n6_mid3_d1000_05_mr098_r10_21,GDCC_1e-09,V1,V4,1e-09,200,,0,76037.70899772644,4101.67121887207,False,1000,0.0,0.1268215988678439,0.002204113300536517,0.11722726839882193,0.06051770328163294,0.006960937170755282,73
73,random_mc2_n6_mid3_d1000_05_mr098_r10_21,GDCC_1e-09,V1,V4,1e-09,200,,0,77311.27643585205,4162.865877151489,False,1000,0.0,0.1268215988678439,0.002204113300536517,0.11722726839882193,0.06051770328163294,0.006960937170755282,74
74,random_mc2_n6_mid3_d1000_05_mr098_r10_21,GDCC_1e-09,V1,V4,1e-09,200,,0,78588.2339477539,4359.067916870117,False,1000,0.0,0.1268215988678439,0.002204113300536517,0.11722726839882193,0.06051770328163294,0.006960937170755282,75
75,random_mc2_n6_mid3_d1000_05_mr098_r10_21,GDCC_1e-09,V1,V4,1e-09,200,,0,79868.61491203308,4280.741453170776,False,1000,0.0,0.1268215988678439,0.002204113300536517,0.11722726839882193,0.06051770328163294,0.006960937170755282,76
76,random_mc2_n6_mid3_d1000_05_mr098_r10_21,GDCC_1e-09,V1,V4,1e-09,200,,0,81177.7708530426,4342.7674770355225,False,1000,0.0,0.1268215988678439,0.002204113300536517,0.11722726839882193,0.06051770328163294,0.006960937170755282,77
77,random_mc2_n6_mid3_d1000_05_mr098_r10_21,GDCC_1e-09,V1,V4,1e-09,200,,0,82482.73015022278,4404.981374740601,False,1000,0.0,0.1268215988678439,0.002204113300536517,0.11722726839882193,0.06051770328163294,0.006960937170755282,78
78,random_mc2_n6_mid3_d1000_05_mr098_r10_21,GDCC_1e-09,V1,V4,1e-09,200,,0,83796.11301422119,4746.901035308838,False,1000,0.0,0.1268215988678439,0.002204113300536517,0.11722726839882193,0.06051770328163294,0.006960937170755282,79
79,random_mc2_n6_mid3_d1000_05_mr098_r10_21,GDCC_1e-09,V1,V4,1e-09,200,,0,85110.48674583435,4509.5179080963135,False,1000,0.0,0.1268215988678439,0.002204113300536517,0.11722726839882193,0.06051770328163294,0.006960937170755282,80
80,random_mc2_n6_mid3_d1000_05_mr098_r10_21,GDCC_1e-09,V1,V4,1e-09,200,,0,86427.44135856628,4565.977096557617,False,1000,0.0,0.1268215988678439,0.002204113300536517,0.11722726839882193,0.06051770328163294,0.006960937170755282,81
81,random_mc2_n6_mid3_d1000_05_mr098_r10_21,GDCC_1e-09,V1,V4,1e-09,200,,0,87750.06484985352,4629.924535751343,False,1000,0.0,0.1268215988678439,0.002204113300536517,0.11722726839882193,0.06051770328163294,0.006960937170755282,82
82,random_mc2_n6_mid3_d1000_05_mr098_r10_21,GDCC_1e-09,V1,V4,1e-09,200,,0,89085.24537086487,4687.062978744507,False,1000,0.0,0.1268215988678439,0.002204113300536517,0.11722726839882193,0.06051770328163294,0.006960937170755282,83
83,random_mc2_n6_mid3_d1000_05_mr098_r10_21,GDCC_1e-09,V1,V4,1e-09,200,,0,90430.57703971863,4878.209114074707,False,1000,0.0,0.1268215988678439,0.002204113300536517,0.11722726839882193,0.06051770328163294,0.006960937170755282,84
84,random_mc2_n6_mid3_d1000_05_mr098_r10_21,GDCC_1e-09,V1,V4,1e-09,200,,0,91774.70469474792,4788.968801498413,False,1000,0.0,0.1268215988678439,0.002204113300536517,0.11722726839882193,0.06051770328163294,0.006960937170755282,85
85,random_mc2_n6_mid3_d1000_05_mr098_r10_21,GDCC_1e-09,V1,V4,1e-09,200,,0,93125.8373260498,4850.5918979644775,False,1000,0.0,0.1268215988678439,0.002204113300536517,0.11722726839882193,0.06051770328163294,0.006960937170755282,86
86,random_mc2_n6_mid3_d1000_05_mr098_r10_21,GDCC_1e-09,V1,V4,1e-09,200,,0,94480.37266731262,4901.89790725708,False,1000,0.0,0.1268215988678439,0.002204113300536517,0.11722726839882193,0.06051770328163294,0.006960937170755282,87
87,random_mc2_n6_mid3_d1000_05_mr098_r10_21,GDCC_1e-09,V1,V4,1e-09,200,,0,95851.66835784912,4977.311849594116,False,1000,0.0,0.1268215988678439,0.002204113300536517,0.11722726839882193,0.06051770328163294,0.006960937170755282,88
88,random_mc2_n6_mid3_d1000_05_mr098_r10_21,GDCC_1e-09,V1,V4,1e-09,200,,0,97228.30700874329,5167.287111282349,False,1000,0.0,0.1268215988678439,0.002204113300536517,0.11722726839882193,0.06051770328163294,0.006960937170755282,89
89,random_mc2_n6_mid3_d1000_05_mr098_r10_21,GDCC_1e-09,V1,V4,1e-09,200,,0,98609.32350158691,5073.212623596191,False,1000,0.0,0.1268215988678439,0.002204113300536517,0.11722726839882193,0.06051770328163294,0.006960937170755282,90
90,random_mc2_n6_mid3_d1000_05_mr098_r10_21,GDCC_1e-09,V1,V4,1e-09,200,,0,99996.18363380432,5128.662824630737,False,1000,0.0,0.1268215988678439,0.002204113300536517,0.11722726839882193,0.06051770328163294,0.006960937170755282,91
91,random_mc2_n6_mid3_d1000_05_mr098_r10_21,GDCC_1e-09,V1,V4,1e-09,200,,0,101380.92827796936,5187.975168228149,False,1000,0.0,0.1268215988678439,0.002204113300536517,0.11722726839882193,0.06051770328163294,0.006960937170755282,92
92,random_mc2_n6_mid3_d1000_05_mr098_r10_21,GDCC_1e-09,V1,V4,1e-09,200,,0,102773.25940132141,5369.094371795654,False,1000,0.0,0.1268215988678439,0.002204113300536517,0.11722726839882193,0.06051770328163294,0.006960937170755282,93
93,random_mc2_n6_mid3_d1000_05_mr098_r10_21,GDCC_1e-09,V1,V4,1e-09,200,,0,104176.53036117554,5286.1480712890625,False,1000,0.0,0.1268215988678439,0.002204113300536517,0.11722726839882193,0.06051770328163294,0.006960937170755282,94
94,random_mc2_n6_mid3_d1000_05_mr098_r10_21,GDCC_1e-09,V1,V4,1e-09,200,,0,105581.86674118042,5346.812725067139,False,1000,0.0,0.1268215988678439,0.002204113300536517,0.11722726839882193,0.06051770328163294,0.006960937170755282,95
95,random_mc2_n6_mid3_d1000_05_mr098_r10_21,GDCC_1e-09,V1,V4,1e-09,200,,0,106996.65880203247,5411.2207889556885,False,1000,0.0,0.1268215988678439,0.002204113300536517,0.11722726839882193,0.06051770328163294,0.006960937170755282,96
96,random_mc2_n6_mid3_d1000_05_mr098_r10_21,GDCC_1e-09,V1,V4,1e-09,200,,0,108412.2359752655,5616.019010543823,False,1000,0.0,0.1268215988678439,0.002204113300536517,0.11722726839882193,0.06051770328163294,0.006960937170755282,97
97,random_mc2_n6_mid3_d1000_05_mr098_r10_21,GDCC_1e-09,V1,V4,1e-09,200,,0,109827.89397239685,5507.845163345337,False,1000,0.0,0.1268215988678439,0.002204113300536517,0.11722726839882193,0.06051770328163294,0.006960937170755282,98
98,random_mc2_n6_mid3_d1000_05_mr098_r10_21,GDCC_1e-09,V1,V4,1e-09,200,,0,111258.64624977112,5566.11704826355,False,1000,0.0,0.1268215988678439,0.002204113300536517,0.11722726839882193,0.06051770328163294,0.006960937170755282,99
99,random_mc2_n6_mid3_d1000_05_mr098_r10_21,GDCC_1e-09,V1,V4,1e-09,200,,0,112699.66292381287,5641.34407043457,False,1000,0.0,0.1268215988678439,0.002204113300536517,0.11722726839882193,0.06051770328163294,0.006960937170755282,100
100,random_mc2_n6_mid3_d1000_05_mr098_r10_21,GDCC_1e-09,V1,V4,1e-09,200,,0,114145.77412605286,5816.27082824707,False,1000,0.0,0.1268215988678439,0.002204113300536517,0.11722726839882193,0.06051770328163294,0.006960937170755282,101
101,random_mc2_n6_mid3_d1000_05_mr098_r10_21,GDCC_1e-09,V1,V4,1e-09,200,,0,115600.85487365723,5736.584424972534,False,1000,0.0,0.1268215988678439,0.002204113300536517,0.11722726839882193,0.06051770328163294,0.006960937170755282,102
102,random_mc2_n6_mid3_d1000_05_mr098_r10_21,GDCC_1e-09,V1,V4,1e-09,200,,0,117073.97031784058,5791.5003299713135,False,1000,0.0,0.1268215988678439,0.002204113300536517,0.11722726839882193,0.06051770328163294,0.006960937170755282,103
103,random_mc2_n6_mid3_d1000_05_mr098_r10_21,GDCC_1e-09,V1,V4,1e-09,200,,0,118538.56706619263,5980.245351791382,False,1000,0.0,0.1268215988678439,0.002204113300536517,0.11722726839882193,0.06051770328163294,0.006960937170755282,104
104,random_mc2_n6_mid3_d1000_05_mr098_r10_21,GDCC_1e-09,V1,V4,1e-09,200,,0,120013.84854316711,5907.666206359863,False,1000,0.0,0.1268215988678439,0.002204113300536517,0.11722726839882193,0.06051770328163294,0.006960937170755282,105
105,random_mc2_n6_mid3_d1000_05_mr098_r10_21,GDCC_1e-09,V1,V4,1e-09,200,,0,121494.952917099,5966.018438339233,False,1000,0.0,0.1268215988678439,0.002204113300536517,0.11722726839882193,0.06051770328163294,0.006960937170755282,106
106,random_mc2_n6_mid3_d1000_05_mr098_r10_21,GDCC_1e-09,V1,V4,1e-09,200,,0,122984.5323562622,6028.791666030884,False,1000,0.0,0.1268215988678439,0.002204113300536517,0.11722726839882193,0.06051770328163294,0.006960937170755282,107
107,random_mc2_n6_mid3_d1000_05_mr098_r10_21,GDCC_1e-09,V1,V4,1e-09,200,,0,124472.41854667664,6232.579708099365,False,1000,0.0,0.1268215988678439,0.002204113300536517,0.11722726839882193,0.06051770328163294,0.006960937170755282,108
108,random_mc2_n6_mid3_d1000_05_mr098_r10_21,GDCC_1e-09,V1,V4,1e-09,200,,0,125969.6033000946,6128.518581390381,False,1000,0.0,0.1268215988678439,0.002204113300536517,0.11722726839882193,0.06051770328163294,0.006960937170755282,109
109,random_mc2_n6_mid3_d1000_05_mr098_r10_21,GDCC_1e-09,V1,V4,1e-09,200,,0,127477.60820388794,6197.0648765563965,False,1000,0.0,0.1268215988678439,0.002204113300536517,0.11722726839882193,0.06051770328163294,0.006960937170755282,110
110,random_mc2_n6_mid3_d1000_05_mr098_r10_21,GDCC_1e-09,V1,V4,1e-09,200,,0,128999.93443489075,6379.991054534912,False,1000,0.0,0.1268215988678439,0.002204113300536517,0.11722726839882193,0.06051770328163294,0.006960937170755282,111
111,random_mc2_n6_mid3_d1000_05_mr098_r10_21,GDCC_1e-09,V1,V4,1e-09,200,,0,130532.10735321045,6296.764135360718,False,1000,0.0,0.1268215988678439,0.002204113300536517,0.11722726839882193,0.06051770328163294,0.006960937170755282,112
112,random_mc2_n6_mid3_d1000_05_mr098_r10_21,GDCC_1e-09,V1,V4,1e-09,200,,0,132063.96794319153,6582.85927772522,False,1000,0.0,0.1268215988678439,0.002204113300536517,0.11722726839882193,0.06051770328163294,0.006960937170755282,113
113,random_mc2_n6_mid3_d1000_05_mr098_r10_21,GDCC_1e-09,V1,V4,1e-09,200,,0,133604.81238365173,6433.54344367981,False,1000,0.0,0.1268215988678439,0.002204113300536517,0.11722726839882193,0.06051770328163294,0.006960937170755282,114
114,random_mc2_n6_mid3_d1000_05_mr098_r10_21,GDCC_1e-09,V1,V4,1e-09,200,,0,135144.36221122742,6638.121604919434,False,1000,0.0,0.1268215988678439,0.002204113300536517,0.11722726839882193,0.06051770328163294,0.006960937170755282,115
115,random_mc2_n6_mid3_d1000_05_mr098_r10_21,GDCC_1e-09,V1,V4,1e-09,200,,0,136699.17368888855,6529.446125030518,False,1000,0.0,0.1268215988678439,0.002204113300536517,0.11722726839882193,0.06051770328163294,0.006960937170755282,116
116,random_mc2_n6_mid3_d1000_05_mr098_r10_21,GDCC_1e-09,V1,V4,1e-09,200,,0,138256.7582130432,6584.94234085083,False,1000,0.0,0.1268215988678439,0.002204113300536517,0.11722726839882193,0.06051770328163294,0.006960937170755282,117
117,random_mc2_n6_mid3_d1000_05_mr098_r10_21,GDCC_1e-09,V1,V4,1e-09,200,,0,139822.16906547546,6794.523477554321,False,1000,0.0,0.1268215988678439,0.002204113300536517,0.11722726839882193,0.06051770328163294,0.006960937170755282,118
118,random_mc2_n6_mid3_d1000_05_mr098_r10_21,GDCC_1e-09,V1,V4,1e-09,200,,0,141387.70151138306,6701.572418212891,False,1000,0.0,0.1268215988678439,0.002204113300536517,0.11722726839882193,0.06051770328163294,0.006960937170755282,119
119,random_mc2_n6_mid3_d1000_05_mr098_r10_21,GDCC_1e-09,V1,V4,1e-09,200,,0,142969.55561637878,6775.477647781372,False,1000,0.0,0.1268215988678439,0.002204113300536517,0.11722726839882193,0.06051770328163294,0.006960937170755282,120
120,random_mc2_n6_mid3_d1000_05_mr098_r10_21,GDCC_1e-09,V1,V4,1e-09,200,,0,144551.01490020752,6978.069305419922,False,1000,0.0,0.1268215988678439,0.002204113300536517,0.11722726839882193,0.06051770328163294,0.006960937170755282,121
121,random_mc2_n6_mid3_d1000_05_mr098_r10_21,GDCC_1e-09,V1,V4,1e-09,200,,0,146144.2267894745,6868.009567260742,False,1000,0.0,0.1268215988678439,0.002204113300536517,0.11722726839882193,0.06051770328163294,0.006960937170755282,122
122,random_mc2_n6_mid3_d1000_05_mr098_r10_21,GDCC_1e-09,V1,V4,1e-09,200,,0,147734.51733589172,6941.752672195435,False,1000,0.0,0.1268215988678439,0.002204113300536517,0.11722726839882193,0.06051770328163294,0.006960937170755282,123
123,random_mc2_n6_mid3_d1000_05_mr098_r10_21,GDCC_1e-09,V1,V4,1e-09,200,,0,149340.6994342804,6993.829727172852,False,1000,0.0,0.1268215988678439,0.002204113300536517,0.11722726839882193,0.06051770328163294,0.006960937170755282,124
124,random_mc2_n6_mid3_d1000_05_mr098_r10_21,GDCC_1e-09,V1,V4,1e-09,200,,0,150941.25604629517,7179.354190826416,False,1000,0.0,0.1268215988678439,0.002204113300536517,0.11722726839882193,0.06051770328163294,0.006960937170755282,125
125,random_mc2_n6_mid3_d1000_05_mr098_r10_21,GDCC_1e-09,V1,V4,1e-09,200,,0,152541.5391921997,7106.321334838867,False,1000,0.0,0.1268215988678439,0.002204113300536517,0.11722726839882193,0.06051770328163294,0.006960937170755282,126
126,random_mc2_n6_mid3_d1000_05_mr098_r10_21,GDCC_1e-09,V1,V4,1e-09,200,,0,154158.27202796936,7189.354419708252,False,1000,0.0,0.1268215988678439,0.002204113300536517,0.11722726839882193,0.06051770328163294,0.006960937170755282,127
127,random_mc2_n6_mid3_d1000_05_mr098_r10_21,GDCC_1e-09,V1,V4,1e-09,200,,0,155781.47220611572,7378.461837768555,False,1000,0.0,0.1268215988678439,0.002204113300536517,0.11722726839882193,0.06051770328163294,0.006960937170755282,128
128,random_mc2_n6_mid3_d1000_05_mr098_r10_21,GDCC_1e-09,V1,V4,1e-09,200,,0,157419.34752464294,7288.590431213379,False,1000,0.0,0.1268215988678439,0.002204113300536517,0.11722726839882193,0.06051770328163294,0.006960937170755282,129
129,random_mc2_n6_mid3_d1000_05_mr098_r10_21,GDCC_1e-09,V1,V4,1e-09,200,,0,159061.03992462158,7466.715335845947,False,1000,0.0,0.1268215988678439,0.002204113300536517,0.11722726839882193,0.06051770328163294,0.006960937170755282,130
130,random_mc2_n6_mid3_d1000_05_mr098_r10_21,GDCC_1e-09,V1,V4,1e-09,200,,0,160712.4948501587,7401.6454219818115,False,1000,0.0,0.1268215988678439,0.002204113300536517,0.11722726839882193,0.06051770328163294,0.006960937170755282,131
131,random_mc2_n6_mid3_d1000_05_mr098_r10_21,GDCC_1e-09,V1,V4,1e-09,200,,0,162369.1792488098,7461.350202560425,False,1000,0.0,0.1268215988678439,0.002204113300536517,0.11722726839882193,0.06051770328163294,0.006960937170755282,132
132,random_mc2_n6_mid3_d1000_05_mr098_r10_21,GDCC_1e-09,V1,V4,1e-09,200,,0,164030.4102897644,7695.463180541992,False,1000,0.0,0.1268215988678439,0.002204113300536517,0.11722726839882193,0.06051770328163294,0.006960937170755282,133
133,random_mc2_n6_mid3_d1000_05_mr098_r10_21,GDCC_1e-09,V1,V4,1e-09,200,,0,165696.13695144653,7598.315238952637,False,1000,0.0,0.1268215988678439,0.002204113300536517,0.11722726839882193,0.06051770328163294,0.006960937170755282,134
134,random_mc2_n6_mid3_d1000_05_mr098_r10_21,GDCC_1e-09,V1,V4,1e-09,200,,0,167359.64798927307,7636.803150177002,False,1000,0.0,0.1268215988678439,0.002204113300536517,0.11722726839882193,0.06051770328163294,0.006960937170755282,135
135,random_mc2_n6_mid3_d1000_05_mr098_r10_21,GDCC_1e-09,V1,V4,1e-09,200,,0,169046.25868797302,7854.212045669556,False,1000,0.0,0.1268215988678439,0.002204113300536517,0.11722726839882193,0.06051770328163294,0.006960937170755282,136
136,random_mc2_n6_mid3_d1000_05_mr098_r10_21,GDCC_1e-09,V1,V4,1e-09,200,,0,170733.14714431763,7730.268955230713,False,1000,0.0,0.1268215988678439,0.002204113300536517,0.11722726839882193,0.06051770328163294,0.006960937170755282,137
137,random_mc2_n6_mid3_d1000_05_mr098_r10_21,GDCC_1e-09,V1,V4,1e-09,200,,0,172417.73438453674,7791.659832000732,False,1000,0.0,0.1268215988678439,0.002204113300536517,0.11722726839882193,0.06051770328163294,0.006960937170755282,138
138,random_mc2_n6_mid3_d1000_05_mr098_r10_21,GDCC_1e-09,V1,V4,1e-09,200,,0,174109.81798171997,8050.527811050415,False,1000,0.0,0.1268215988678439,0.002204113300536517,0.11722726839882193,0.06051770328163294,0.006960937170755282,139
139,random_mc2_n6_mid3_d1000_05_mr098_r10_21,GDCC_1e-09,V1,V4,1e-09,200,,0,175839.03527259827,8054.246425628662,False,1000,0.0,0.1268215988678439,0.002204113300536517,0.11722726839882193,0.06051770328163294,0.006960937170755282,140
140,random_mc2_n6_mid3_d1000_05_mr098_r10_21,GDCC_1e-09,V1,V4,1e-09,200,,0,177559.12685394287,8000.069379806519,False,1000,0.0,0.1268215988678439,0.002204113300536517,0.11722726839882193,0.06051770328163294,0.006960937170755282,141
141,random_mc2_n6_mid3_d1000_05_mr098_r10_21,GDCC_1e-09,V1,V4,1e-09,200,,0,179279.76965904236,8397.73416519165,False,1000,0.0,0.1268215988678439,0.002204113300536517,0.11722726839882193,0.06051770328163294,0.006960937170755282,142
142,random_mc2_n6_mid3_d1000_05_mr098_r10_21,GDCC_1e-09,V1,V4,1e-09,200,,0,181023.32186698914,8105.625152587891,False,1000,0.0,0.1268215988678439,0.002204113300536517,0.11722726839882193,0.06051770328163294,0.006960937170755282,143
143,random_mc2_n6_mid3_d1000_05_mr098_r10_21,GDCC_1e-09,V1,V4,1e-09,200,,0,182749.86958503723,8163.922548294067,False,1000,0.0,0.1268215988678439,0.002204113300536517,0.11722726839882193,0.06051770328163294,0.006960937170755282,144
144,random_mc2_n6_mid3_d1000_05_mr098_r10_21,GDCC_1e-09,V1,V4,1e-09,200,,0,184490.78011512756,8358.667612075806,False,1000,0.0,0.1268215988678439,0.002204113300536517,0.11722726839882193,0.06051770328163294,0.006960937170755282,145
145,random_mc2_n6_mid3_d1000_05_mr098_r10_21,GDCC_1e-09,V1,V4,1e-09,200,,0,186231.2433719635,8254.335403442383,False,1000,0.0,0.1268215988678439,0.002204113300536517,0.11722726839882193,0.06051770328163294,0.006960937170755282,146
146,random_mc2_n6_mid3_d1000_05_mr098_r10_21,GDCC_1e-09,V1,V4,1e-09,200,,0,187976.54747962952,8472.92709350586,False,1000,0.0,0.1268215988678439,0.002204113300536517,0.11722726839882193,0.06051770328163294,0.006960937170755282,147
147,random_mc2_n6_mid3_d1000_05_mr098_r10_21,GDCC_1e-09,V1,V4,1e-09,200,,0,189734.83085632324,8369.874477386475,False,1000,0.0,0.1268215988678439,0.002204113300536517,0.11722726839882193,0.06051770328163294,0.006960937170755282,148
148,random_mc2_n6_mid3_d1000_05_mr098_r10_21,GDCC_1e-09,V1,V4,1e-09,200,,0,191494.76623535156,8411.723375320435,False,1000,0.0,0.1268215988678439,0.002204113300536517,0.11722726839882193,0.06051770328163294,0.006960937170755282,149
149,random_mc2_n6_mid3_d1000_05_mr098_r10_21,GDCC_1e-09,V1,V4,1e-09,200,,0,193266.61562919617,8620.128393173218,False,1000,0.0,0.1268215988678439,0.002204113300536517,0.11722726839882193,0.06051770328163294,0.006960937170755282,150
150,random_mc2_n6_mid3_d1000_05_mr098_r10_21,GDCC_1e-09,V1,V4,1e-09,200,,0,195044.33131217957,8558.143138885498,False,1000,0.0,0.1268215988678439,0.002204113300536517,0.11722726839882193,0.06051770328163294,0.006960937170755282,151
151,random_mc2_n6_mid3_d1000_05_mr098_r10_21,GDCC_1e-09,V1,V4,1e-09,200,,0,196835.55483818054,8779.376745223999,False,1000,0.0,0.1268215988678439,0.002204113300536517,0.11722726839882193,0.06051770328163294,0.006960937170755282,152
152,random_mc2_n6_mid3_d1000_05_mr098_r10_21,GDCC_1e-09,V1,V4,1e-09,200,,0,198629.53400611877,8673.255205154419,False,1000,0.0,0.1268215988678439,0.002204113300536517,0.11722726839882193,0.06051770328163294,0.006960937170755282,153
153,random_mc2_n6_mid3_d1000_05_mr098_r10_21,GDCC_1e-09,V1,V4,1e-09,200,,0,200435.05692481995,8740.97204208374,False,1000,0.0,0.1268215988678439,0.002204113300536517,0.11722726839882193,0.06051770328163294,0.006960937170755282,154
154,random_mc2_n6_mid3_d1000_05_mr098_r10_21,GDCC_1e-09,V1,V4,1e-09,200,,0,202244.75932121277,8945.37329673767,False,1000,0.0,0.1268215988678439,0.002204113300536517,0.11722726839882193,0.06051770328163294,0.006960937170755282,155
155,random_mc2_n6_mid3_d1000_05_mr098_r10_21,GDCC_1e-09,V1,V4,1e-09,200,,0,204053.89833450317,8832.627058029175,False,1000,0.0,0.1268215988678439,0.002204113300536517,0.11722726839882193,0.06051770328163294,0.006960937170755282,156
156,random_mc2_n6_mid3_d1000_05_mr098_r10_21,GDCC_1e-09,V1,V4,1e-09,200,,0,205873.4290599823,9032.15765953064,False,1000,0.0,0.1268215988678439,0.002204113300536517,0.11722726839882193,0.06051770328163294,0.006960937170755282,157
157,random_mc2_n6_mid3_d1000_05_mr098_r10_21,GDCC_1e-09,V1,V4,1e-09,200,,0,207699.05424118042,8954.41746711731,False,1000,0.0,0.1268215988678439,0.002204113300536517,0.11722726839882193,0.06051770328163294,0.006960937170755282,158
158,random_mc2_n6_mid3_d1000_05_mr098_r10_21,GDCC_1e-09,V1,V4,1e-09,200,,0,209520.30205726624,9007.867574691772,False,1000,0.0,0.1268215988678439,0.002204113300536517,0.11722726839882193,0.06051770328163294,0.006960937170755282,159
159,random_mc2_n6_mid3_d1000_05_mr098_r10_21,GDCC_1e-09,V1,V4,1e-09,200,,0,211354.20727729797,9219.672203063965,False,1000,0.0,0.1268215988678439,0.002204113300536517,0.11722726839882193,0.06051770328163294,0.006960937170755282,160
160,random_mc2_n6_mid3_d1000_05_mr098_r10_21,GDCC_1e-09,V1,V4,1e-09,200,,0,213194.66924667358,9197.259664535522,False,1000,0.0,0.1268215988678439,0.002204113300536517,0.11722726839882193,0.06051770328163294,0.006960937170755282,161
161,random_mc2_n6_mid3_d1000_05_mr098_r10_21,GDCC_1e-09,V1,V4,1e-09,200,,0,215038.89632225037,9327.009916305542,False,1000,0.0,0.1268215988678439,0.002204113300536517,0.11722726839882193,0.06051770328163294,0.006960937170755282,162
162,random_mc2_n6_mid3_d1000_05_mr098_r10_21,GDCC_1e-09,V1,V4,1e-09,200,,0,216888.5474205017,9228.04594039917,False,1000,0.0,0.1268215988678439,0.002204113300536517,0.11722726839882193,0.06051770328163294,0.006960937170755282,163
163,random_mc2_n6_mid3_d1000_05_mr098_r10_21,GDCC_1e-09,V1,V4,1e-09,200,,0,218753.37648391724,9283.201456069946,False,1000,0.0,0.1268215988678439,0.002204113300536517,0.11722726839882193,0.06051770328163294,0.006960937170755282,164
164,random_mc2_n6_mid3_d1000_05_mr098_r10_21,GDCC_1e-09,V1,V4,1e-09,200,,0,220625.75316429138,9516.102313995361,False,1000,0.0,0.1268215988678439,0.002204113300536517,0.11722726839882193,0.06051770328163294,0.006960937170755282,165
165,random_mc2_n6_mid3_d1000_05_mr098_r10_21,GDCC_1e-09,V1,V4,1e-09,200,,0,222493.46160888672,9391.335010528564,False,1000,0.0,0.1268215988678439,0.002204113300536517,0.11722726839882193,0.06051770328163294,0.006960937170755282,166
166,random_mc2_n6_mid3_d1000_05_mr098_r10_21,GDCC_1e-09,V1,V4,1e-09,200,,0,224366.57452583313,9598.027467727661,False,1000,0.0,0.1268215988678439,0.002204113300536517,0.11722726839882193,0.06051770328163294,0.006960937170755282,167
167,random_mc2_n6_mid3_d1000_05_mr098_r10_21,GDCC_1e-09,V1,V4,1e-09,200,,0,226249.00889396667,9501.73282623291,False,1000,0.0,0.1268215988678439,0.002204113300536517,0.11722726839882193,0.06051770328163294,0.006960937170755282,168
168,random_mc2_n6_mid3_d1000_05_mr098_r10_21,GDCC_1e-09,V1,V4,1e-09,200,,0,228142.90642738342,9724.022388458252,False,1000,0.0,0.1268215988678439,0.002204113300536517,0.11722726839882193,0.06051770328163294,0.006960937170755282,169
169,random_mc2_n6_mid3_d1000_05_mr098_r10_21,GDCC_1e-09,V1,V4,1e-09,200,,0,230044.39616203308,9614.46237564087,False,1000,0.0,0.1268215988678439,0.002204113300536517,0.11722726839882193,0.06051770328163294,0.006960937170755282,170
170,random_mc2_n6_mid3_d1000_05_mr098_r10_21,GDCC_1e-09,V1,V4,1e-09,200,,0,231948.81677627563,9675.484657287598,False,1000,0.0,0.1268215988678439,0.002204113300536517,0.11722726839882193,0.06051770328163294,0.006960937170755282,171
171,random_mc2_n6_mid3_d1000_05_mr098_r10_21,GDCC_1e-09,V1,V4,1e-09,200,,0,233855.68642616272,9885.899305343628,False,1000,0.0,0.1268215988678439,0.002204113300536517,0.11722726839882193,0.06051770328163294,0.006960937170755282,172
172,random_mc2_n6_mid3_d1000_05_mr098_r10_21,GDCC_1e-09,V1,V4,1e-09,200,,0,235768.09906959534,9788.98549079895,False,1000,0.0,0.1268215988678439,0.002204113300536517,0.11722726839882193,0.06051770328163294,0.006960937170755282,173
173,random_mc2_n6_mid3_d1000_05_mr098_r10_21,GDCC_1e-09,V1,V4,1e-09,200,,0,237683.6612224579,10014.562845230103,False,1000,0.0,0.1268215988678439,0.002204113300536517,0.11722726839882193,0.06051770328163294,0.006960937170755282,174
174,random_mc2_n6_mid3_d1000_05_mr098_r10_21,GDCC_1e-09,V1,V4,1e-09,200,,0,239610.2011203766,9894.44375038147,False,1000,0.0,0.1268215988678439,0.002204113300536517,0.11722726839882193,0.06051770328163294,0.006960937170755282,175
175,random_mc2_n6_mid3_d1000_05_mr098_r10_21,GDCC_1e-09,V1,V4,1e-09,200,,0,241545.9463596344,10111.637830734253,False,1000,0.0,0.1268215988678439,0.002204113300536517,0.11722726839882193,0.06051770328163294,0.006960937170755282,176
176,random_mc2_n6_mid3_d1000_05_mr098_r10_21,GDCC_1e-09,V1,V4,1e-09,200,,0,243488.32488059998,9987.597227096558,False,1000,0.0,0.1268215988678439,0.002204113300536517,0.11722726839882193,0.06051770328163294,0.006960937170755282,177
177,random_mc2_n6_mid3_d1000_05_mr098_r10_21,GDCC_1e-09,V1,V4,1e-09,200,,0,245437.51168251038,10235.690832138062,False,1000,0.0,0.1268215988678439,0.002204113300536517,0.11722726839882193,0.06051770328163294,0.006960937170755282,178
178,random_mc2_n6_mid3_d1000_05_mr098_r10_21,GDCC_1e-09,V1,V4,1e-09,200,,0,247383.2025527954,10131.36601448059,False,1000,0.0,0.1268215988678439,0.002204113300536517,0.11722726839882193,0.06051770328163294,0.006960937170755282,179
179,random_mc2_n6_mid3_d1000_05_mr098_r10_21,GDCC_1e-09,V1,V4,1e-09,200,,0,249335.1445198059,10342.894554138184,False,1000,0.0,0.1268215988678439,0.002204113300536517,0.11722726839882193,0.06051770328163294,0.006960937170755282,180
180,random_mc2_n6_mid3_d1000_05_mr098_r10_21,GDCC_1e-09,V1,V4,1e-09,200,,0,251305.481672287,10220.590114593506,False,1000,0.0,0.1268215988678439,0.002204113300536517,0.11722726839882193,0.06051770328163294,0.006960937170755282,181
181,random_mc2_n6_mid3_d1000_05_mr098_r10_21,GDCC_1e-09,V1,V4,1e-09,200,,0,253275.76327323914,10277.879238128662,False,1000,0.0,0.1268215988678439,0.002204113300536517,0.11722726839882193,0.06051770328163294,0.006960937170755282,182
182,random_mc2_n6_mid3_d1000_05_mr098_r10_21,GDCC_1e-09,V1,V4,1e-09,200,,0,255247.1559047699,10482.786655426025,False,1000,0.0,0.1268215988678439,0.002204113300536517,0.11722726839882193,0.06051770328163294,0.006960937170755282,183
183,random_mc2_n6_mid3_d1000_05_mr098_r10_21,GDCC_1e-09,V1,V4,1e-09,200,,0,257238.34586143494,10456.13431930542,False,1000,0.0,0.1268215988678439,0.002204113300536517,0.11722726839882193,0.06051770328163294,0.006960937170755282,184
184,random_mc2_n6_mid3_d1000_05_mr098_r10_21,GDCC_1e-09,V1,V4,1e-09,200,,0,259237.62392997742,10615.426778793335,False,1000,0.0,0.1268215988678439,0.002204113300536517,0.11722726839882193,0.06051770328163294,0.006960937170755282,185
185,random_mc2_n6_mid3_d1000_05_mr098_r10_21,GDCC_1e-09,V1,V4,1e-09,200,,0,261237.6012802124,10499.698638916016,False,1000,0.0,0.1268215988678439,0.002204113300536517,0.11722726839882193,0.06051770328163294,0.006960937170755282,186
186,random_mc2_n6_mid3_d1000_05_mr098_r10_21,GDCC_1e-09,V1,V4,1e-09,200,,0,263232.14530944824,10714.285135269165,False,1000,0.0,0.1268215988678439,0.002204113300536517,0.11722726839882193,0.06051770328163294,0.006960937170755282,187
187,random_mc2_n6_mid3_d1000_05_mr098_r10_21,GDCC_1e-09,V1,V4,1e-09,200,,0,265253.9246082306,10611.73939704895,False,1000,0.0,0.1268215988678439,0.002204113300536517,0.11722726839882193,0.06051770328163294,0.006960937170755282,188
188,random_mc2_n6_mid3_d1000_05_mr098_r10_21,GDCC_1e-09,V1,V4,1e-09,200,,0,267280.85684776306,10842.395305633545,False,1000,0.0,0.1268215988678439,0.002204113300536517,0.11722726839882193,0.06051770328163294,0.006960937170755282,189
189,random_mc2_n6_mid3_d1000_05_mr098_r10_21,GDCC_1e-09,V1,V4,1e-09,200,,0,269309.5622062683,10722.285985946655,False,1000,0.0,0.1268215988678439,0.002204113300536517,0.11722726839882193,0.06051770328163294,0.006960937170755282,190
190,random_mc2_n6_mid3_d1000_05_mr098_r10_21,GDCC_1e-09,V1,V4,1e-09,200,,0,271333.5270881653,10915.441036224365,False,1000,0.0,0.1268215988678439,0.002204113300536517,0.11722726839882193,0.06051770328163294,0.006960937170755282,191
191,random_mc2_n6_mid3_d1000_05_mr098_r10_21,GDCC_1e-09,V1,V4,1e-09,200,,0,273375.0092983246,10834.083318710327,False,1000,0.0,0.1268215988678439,0.002204113300536517,0.11722726839882193,0.06051770328163294,0.006960937170755282,192
192,random_mc2_n6_mid3_d1000_05_mr098_r10_21,GDCC_1e-09,V1,V4,1e-09,200,,0,275507.9822540283,11065.057754516602,False,1000,0.0,0.1268215988678439,0.002204113300536517,0.11722726839882193,0.06051770328163294,0.006960937170755282,193
193,random_mc2_n6_mid3_d1000_05_mr098_r10_21,GDCC_1e-09,V1,V4,1e-09,200,,0,277557.48319625854,11043.715715408325,False,1000,0.0,0.1268215988678439,0.002204113300536517,0.11722726839882193,0.06051770328163294,0.006960937170755282,194
194,random_mc2_n6_mid3_d1000_05_mr098_r10_21,GDCC_1e-09,V1,V4,1e-09,200,,0,279614.58349227905,11173.10118675232,False,1000,0.0,0.1268215988678439,0.002204113300536517,0.11722726839882193,0.06051770328163294,0.006960937170755282,195
195,random_mc2_n6_mid3_d1000_05_mr098_r10_21,GDCC_1e-09,V1,V4,1e-09,200,,0,281668.2732105255,11018.287897109985,False,1000,0.0,0.1268215988678439,0.002204113300536517,0.11722726839882193,0.06051770328163294,0.006960937170755282,196
196,random_mc2_n6_mid3_d1000_05_mr098_r10_21,GDCC_1e-09,V1,V4,1e-09,200,,0,283726.40323638916,11258.799076080322,False,1000,0.0,0.1268215988678439,0.002204113300536517,0.11722726839882193,0.06051770328163294,0.006960937170755282,197
197,random_mc2_n6_mid3_d1000_05_mr098_r10_21,GDCC_1e-09,V1,V4,1e-09,200,,0,285801.83362960815,11181.779384613037,False,1000,0.0,0.1268215988678439,0.002204113300536517,0.11722726839882193,0.06051770328163294,0.006960937170755282,198
198,random_mc2_n6_mid3_d1000_05_mr098_r10_21,GDCC_1e-09,V1,V4,1e-09,200,,0,287889.89877700806,11408.233404159546,False,1000,0.0,0.1268215988678439,0.002204113300536517,0.11722726839882193,0.06051770328163294,0.006960937170755282,199
199,random_mc2_n6_mid3_d1000_05_mr098_r10_21,GDCC_1e-09,V1,V4,1e-09,200,,0,289974.1761684418,11269.323110580444,False,1000,0.0,0.1268215988678439,0.002204113300536517,0.11722726839882193,0.06051770328163294,0.006960937170755282,200
